id;Nome do Exame;Sigla
1;"ANTI - PROTEÍNA ""P"" RIBOSSOMAL - IGG";PPR
2;17 KS - CETOSTERÓIDES TOTAIS;K17
3;17-OH CETOGÊNICOS;O17
4;17-OH-PROGESTERONA;P17
5;17-OH-PROGESTERONA PÓS ESTÍMULO;H17
6;2,5-HEXANODIONA;HEX
7;3-ALFA-DIOL-G;A3G
8;5-NUCLEOTIDASE;NU5
9;A FRESCO;EFR
10;ACETIL COLINESTERASE ERITROCITÁRIA;ACE
11;ACETILCOLINA, ANTI-RECEPTOR;ACR
12;ACIDO  METILMALONICO;AMM
13;ÁCIDO 5-OH-INDOL-ACÉTICO;AIA
14;ACIDO CÍTRICO – URINA;ACU
15;ÁCIDO CÍTRICO (ESPERMA);CTE
16;ÁCIDO DELTA AMINO LEVULÍNICO;ACD
17;ÁCIDO FENGLIOXÍLICO;FNG
18;ÁCIDO FÓLICO;ACF
19;ACIDO GAMA AMINO BUTIRICO (GABA) ;GAB
20;ACIDO GAMA AMINO BUTIRICO (GABA) - URINÁRIO;GAU
21;ÁCIDO HIPÚRICO;HIP
22;ÁCIDO HOMOGENTÍSICO;AHO
23;ÁCIDO HOMOVANÍLICO;HVA
24;ÁCIDO LÁTICO;AIL
25;ÁCIDO MANDÉLICO;ADM
26;ÁCIDO METIL HIPÚRICO;MHI
27;ÁCIDO OXÁLICO;AOX
28;ÁCIDO OXÁLICO - SANGUE;OXS
29;ÁCIDO PIRÚVICO;API
30;ÁCIDO TRANS-TRANS-MUCÔNICO;ATM
31;ACIDO TRICLOROACETICO;TCA
32;ÁCIDO ÚRICO;AUR
33;ÁCIDO ÚRICO URINÁRIO;AUU
34;ÁCIDO VALPRÓICO;DAV
35;ÁCIDO VANIL MANDÉLICO;AVM
36;ACIDOS GRAXOS DE CADEIA LONGA;AGL
37;ACTH - HORMÔNIO ADRENOCORTICOTRÓFICO;ACT
38;ADENOSINA DEAMINASE;ADD
39;ADENOSINA DEAMINASE ( Líquidos );ADL
40;ADH - HORMÔNIO ANTI-DIURÉTICO;ADH
41;ALBUMINA;ALB
42;ALDOLASE;ALD
43;ALDOSTERONA;ANA
44;ALDOSTERONA - URINA;ANU
45;ALFA -1-GLICOPROTEÍNA ÁCIDA;A1G
46;ALFA-1-ANTITRIPSINA;A1A
47;ALFA-2-MACROGLOBULINA;A2M
48;ALFA-FETOPROTEÍNA;AFP
49;ALFA-FETOPROTEÍNA - LÍQUIDO AMNIÓTICO;AFL
50;ALUMÍNIO;ALM
51;AMILASE;AMI
52;AMILASE URINÁRIA;AMU
53;AMILOIDE A;ADS
54;AMIODARONA E;AMD
55;AMP CÍCLICO;AMP
56;ANÁTOMO-PATOLÓGICO;ANP
57;ANÁTOMO-PATOLÓGICO;ANQ
58;ANÁTOMO-PATOLÓGICO;ANR
59;ANÁTOMO-PATOLÓGICO (MEDULA ÓSSEA);BMO
60;ANDROSTENEDIONA;AND
61;ANTI MÚSCULO ESTRIADO;AME
62;ANTI-ACTINA;ATN
63;ANTI-ADRENAL;AAD
64;ANTIBIOGRAMA;TSA
65;ANTIBIOGRAMA;TSE
66;ANTIBIOGRAMA;TSF
67;ANTIBIOGRAMA;TSP
68;ANTIBIOGRAMA;TSU
69;ANTIBIOGRAMA;TSV
70;ANTIBIOGRAMA;TSR
71;ANTI-CARDIOLIPINA - IgA;CAA
72;ANTI-CARDIOLIPINA - IGG;ACC
73;ANTI-CARDIOLIPINA - IGM;ACM
74;ANTI-CÉLULA PARIETAL;ACP
75;ANTI-CÉLULAS DE PURKINGE;AYO
76;ANTI-CENTRÔMERO;AAC
77;ANTI-CITOSOL HEPÁTICO;ACH
78;ANTI-CITRULINA (CCP);CCP
79;ANTI-DELTA - HEPATITE D;ADE
80;ANTICOAGULANTE LÚPICO;LUP
81;ANTIDEPRESSIVOS TRICÍCLICOS;ADT
82;ANTI-DNA;DNA
83;ANTI-ENA;AEN
84;ANTI-ENDOMÍSIO - IgA;AEA
85;ANTI-ENDOMÍSIO-IGG;END
86;ANTI-ESPERMATOZÓIDES (SANGUE);AES
87;ANTIESTREPTOLISINA - O;ASO
88;ANTI-FATOR INTRÍNSECO;AFI
89;ANTI-FOSFATIDIL SERINA;AFS
90;ANTI-GAD;GAD
91;ANTÍGENO P24;A24
92;ANTI-GLIADINA IGA;AGA
93;ANTI-GLIADINA IGG;ACG
94;ANTI-HAV;HAA
95;ANTI-HAV (IgM);HAVM
96;ANTI-HBC;HBC
97;ANTI-HBC (IgM);HBCM
98;ANTI-HBe;HHB
99;ANTI-HBs;AHBS
100;ANTI-HCV;HCV
101;ANTI-HISTONA;AHT
102;ANTI-HIV 1+2 - triagem;HIV
103;ANTI-HTLV 1+2;AAH
104;ANTI-HTLV 1+2 ( LÍQUOR );AHL
105;ANTI-HVE (HEPATITE E);HVE
106;ANTI-IA2;IA2
107;ANTI-ILHOTA;AIG
108;ANTI-INSULINA;AAI
109;ANTI-JO-1;JO1
110;ANTI-LKM;LKM
111;ANTI-MEMBRANA BASAL GLOMERULAR;MBG
112;ANTI-MICROSSOMAL;
113;ANTI-MITOCONDRIA;AAT
114;ANTI-MÚSCULO LISO;AAL
115;ANTI-NEUTRÓFILOS;AAN
116;ANTI-NEUTRÓFILOS (ANCA-P);PNA
117;ANTI-NEUTRÓFILOS (ANCA-P);ANC
118;ANTI-NUCLEOSSOMO;NSM
119;ANTI-PNEUMOCOCOS;APN
120;ANTI-RAIVA;AAR
121;ANTI-RETICULINA;ARA
122;ANTI-RNP;RNP
123;ANTI-SACCHAROMYCES CEREVISAE, IgG E IgA;ASC
124;ANTI-SCL-70;ACL
125;ANTI-SM;ASM
126;ANTI-SSA-RO;SSA
127;ANTI-SSB-LA;SSB
128;ANTI-TIREOGLOBULINA;ATG
129;ANTI-TIREOPEROXIDASE;TPO
130;ANTI-TRANSGLUTAMINASE TECIDUAL - IgA;TTA
131;ANTI-TRANSGLUTAMINASE TECIDUAL - IGG;TTG
132;ANTITROMBINA III;AT3
133;APOLIPOPROTEÍNA A-1;APA
134;APOLIPOPROTEÍNA B;APB
135;ARSÊNICO;ARS
136;ASPERGILLUS - SOROLOGIA;ASP
137;BAAR - PESQUISA;PBK
138;BAAR - PESQUISA;PBL
139;BAAR - PESQUISA;PBM
140;BAAR - PESQUISA;PBN
141;BAAR - PESQUISA;PBO
142;BAAR - ZIEHL GABBET;PKG
143;BACTERIOSCOPIA;GRJ
144;BACTERIOSCOPIA;GRA
145;BACTERIOSCOPIA;GRP
146;BACTERIOSCOPIA;GRU
147;BACTERIOSCOPIA;GRV
148;BCR-ABL - TRANSLOCAÇÃO - QUANTITATIVO;BCRQT
149;BCR-ABL – TRNASLOCAÇÃO - PESQUISA;BCR
150;BETA - 2 - GLICOPROTEINA  IgG e IgM;B2G
151;BETA 2 MICROGLOBULINA;B2M
152;BETA 2 MICROGLOBULINA - URINA;B2U
153;BETA-HCG;HCGD
154;BETA-HCG - PESQUISA;HCGP
155;BETA-HCG - PESQUISA NA URINA;HCB
156;BETA-HCG - TESTE PACK - SANGUE;TPU
157;BETA-HCG - TESTE PACK - URINA;TPA
158;BICARBONATO;RAL
159;BIG PROLACTINA;BIG
160;BILIRRUBINAS;BIL
161;BIÓPSIA RENAL COM IMUNOFLUORESCÊNCIA;BRI
162;BLASTOMICOSE;IMP
163;BRCA-1 E BRCA-2 (68 MUTAÇÕES);BRC
164;BRUCELOSE;BRU
165;BRUCELOSE - TITULAÇÃO;BRT
166;BRUCELOSE IgG;BRG
167;BRUCELOSE IgM;MBR
168;C1 - ESTERASE - INIBIDOR;C1E
169;C1 - ESTERASE – INIBIDOR (Funcional);C1F
170;CA 125;CA2
171;CA 15-3;CA1
172;CA 19-9;CA3
173;CA 50;CA5
174;CA 72/4;C72
175;CADASIL - ESTUDO MOLECULAR / GENE NOTCH3;CAD
176;CÁDMIO;CAM
177;CÁLCIO;CAL
178;CÁLCIO  URINÁRIO;CUU
179;CÁLCIO IÔNICO;CAI
180;CÁLCIO URINÁRIO - AMOSTRA ISOLADA;CUI
181;CALCITONINA;CNN
182;CÁLCULO BILIAR;CBI
183;CÁLCULO URINÁRIO;ECR
184;CALPROTECTINA FECAL;CALP
185;CANABINÓIDES;CAN
186;CAPACIDADE DE LIGAÇÃO DO FERRO;FFE
187;CARBAMAZEPINA;CBZ
188;CARBOHIDRATOS - CROMATOGRAFIA;CHC
189;CARBOXIHEMOGLOBINA;CAX
190;CARIÓTIPO - LÍQUIDO AMNIÓTICO;LAA
191;CARIÓTIPO COM ALTA RESOLUÇÃO ( SANGUE );CHR
192;CARIÓTIPO COM BANDAS G ( SANGUE );CSG
193;CARIÓTIPO PARA DOENÇAS HEMATOLÓGICAS;CDH
194;CARIÓTIPO PARA DOENÇAS HEMATOLÓGICAS (MEDULA);CDH
195;CARNITINA TOTAL E LIVRE;CNT
196;CAROTENO - BETA;CAR
197;CATECOLAMINAS PLASMÁTICAS;CAP
198;CATECOLAMINAS URINÁRIAS ;CAT
199;CAXUMBA IGG;SPC
200;CAXUMBA IGM;SPM
201;CD-34 - STEM CELL;C34
202;CD55 E CD59 - HPN;HPN
203;CDT - DESIALOTRANSFERRINA;CDT
204;CEA - ANTÍGENO CARCINOEMBRIOGÊNICO;CEA
205;CÉLULAS  HERPÉTICAS;TIZ
206;CÉLULAS LE;CLE
207;CELULAS NK;CNK
208;CÉLULAS ORANGIOFÍLICAS;COR
209;CERULOPLASMINA;CER
210;CHAGAS - ELISA;CHE
211;CHAGAS - HEMAGLUTINAÇÃO;CHM
212;CHAGAS - IFI;IFC
213;CHAGAS - IFI - IgM;IFM
214;CHAGAS - SOROLOGIA;CHA
215;CHARCOT MARIE TOOTH 1A;CMT
216;CHIKUNGUNYA - ANTICORPOS IGG E IGM;CHKGM
217;CHIKUNGUNYA, DIAGNOSTICO MOLECULAR QUALITATIVO;CHKMOL
218;CHLAMYDIA - DETEÇÃO DE DNA;CCH
219;CHLAMYDIA - ENDOCERVICAL;CHL
220;CHLAMYDIA - MGG;GIE
221;CHLAMYDIA - OCULAR;CHO
222;CHLAMYDIA - URETRAL;CHH
223;CHLAMYDIA - URINA;CLA
224;CHLAMYDIA PNEUMONIAE - IgG;CPN
225;CHLAMYDIA PSITTACI - IGG;CPG
226;CHLAMYDIA TRACHOMATIS - IGA;CTA
227;CHLAMYDIA TRACHOMATIS - IGG;CTG
228;CHLAMYDIA TRACHOMATIS - IGM;CTM
229;CHLAMYDIA TRACHOMATIS – IMUNOFLUORESCÊNCIA DIRETA;CTI
230;CHUMBO - SANGUE;CHS
231;CHUMBO - URINA;CHU
232;CICLOSPORINA;CIL
233;CISTATINA C;CTC
234;CISTICERCOSE - ELISA;CIE
235;CISTINA - PESQUISA;FCT
236;CITOGRAMA NASAL;CTO
237;CITOLOGIA EM MEIO LÍQUIDO;CML
238;CITOLOGIA ONCÓTICA - OUTROS MATERIAIS;CIO
239;CITOLOGIA ONCÓTICA / HORMONAL;CIT
240;CITOLOGIA ONCÓTICA / HORMONAL;CIC
241;CITOLOGIA ONCÓTICA / HORMONAL;CIS
242;CITOLOGIA ONCÓTICA / HORMONAL - SERIADA;CIT
243;CITOLOGIA ONCÓTICA / HORMONAL - SERIADA;CIC
244;CITOLOGIA ONCÓTICA / HORMONAL - SERIADA;CIS
245;CITOMEGALOVIRUS - AVIDEZ DE IGG;CAG
246;CITOMEGALOVIRUS - IGG;VIG
247;CITOMEGALOVIRUS - IgM;VIM
248;CITOMEGALOVIRUS - PCR QUALITATIVO;CMQ
249;CITOMEGALOVIRUS - URINA - PCR;CMU
250;CITOQUÍMICA - FOSFATASE ALCALINA;CTF
251;CLEARANCE DE CREATININA;CCR
252;CLEARANCE DE URÉIA;CUR
253;CLOBAZAM;CLB
254;CLONAZEPAN;CLZ
255;CLORETO DE SÓDIO NO SUOR;CSS
256;CLORO;CLO
257;CLORO  URINÁRIO;CLU
258;CLORO  URINÁRIO - AMOSTRA ISOLADA;CLI
259;COAGULOGRAMA - SUS;COS
260;COAGULOGRAMA 1;CO1
261;COAGULOGRAMA 2;CO2
262;COAGULOGRAMA COMPLETO;CII
263;COBRE – SANGUE;COG
264;COBRE - URINA;COU
265;COCAÍNA;COC
266;COFATOR DA RISTOCETINA;CFR
267;COLESTEROL;COL
268;COLESTEROL - HDL;HDL
269;COLESTEROL - LDL;LDL
270;COLESTEROL - VLDL;VDL
271;COLINESTERASE;CSE
272;COMPLEMENTO - C1Q;C1Q
273;COMPLEMENTO - C3;CC3
274;COMPLEMENTO - C4;CC4
275;COMPLEMENTO C9;CC9
276;COMPLEMENTO SÉRICO TOTAL;C50
277;COMPOSTO S  - 11-DESOXICORTISOL;COM
278;CONTAGEM DE ADDIS;ADI
279;COOMBS DIRETO;CDI
280;COOMBS INDIRETO;CIN
281;COPROPORFIRINA - DOSAGEM;DCP
282;COPROPORFIRINA - PESQUISA;PRO
283;CORPOS DE HEINZ - PESQUISA;HIZ
284;CORTISOL;SOL
285;CORTISOL  APÓS DEXAMETASONA;
286;CORTISOL - RITMO - 2 DOSAGENS;CRR
287;CORTISOL - RITMO - 3 DOSAGENS;CO3
288;CORTISOL LIVRE - URINA;LCO
289;COTININA (NICOTINA);COT
290;COXSAKIEVIRUS A - IgG e IgM;CXA
291;COXSAKIEVIRUS B - IgM;CBM
292;CREATINA;CRT
293;CREATININA;CRE
294;CREATININA - LÍQUIDO AMNIÓTICO;CRL
295;CREATININA-URINÁRIA;CRU
296;CREATININA - URINA ISOLADA;CRA
297;CREATINOFOSFOQUINASE - CPK;CPK
298;CREATINOFOSFOQUINASE - FRAÇÃO MB;CMB
299;CRIOAGLUTININAS;TIN
300;CRIOGLOBULINAS;CRI
301;CRISTAIS - PESQUISA;CLP
302;CROMATINA SEXUAL;CRX
303;CROMATOGRAFIA DE AMINOÁCIDOS - DOSAGEM / SANGUE;DAS
304;CROMATOGRAFIA DE AMINOÁCIDOS - QUALITATIVO;FIS
305;CROMATOGRAFIA DE AMINOÁCIDOS - URINA;CAU
306;CROMO - SANGUE;CRS
307;CROMO - URINA;CRM
308;CROMOGRANINA A;CGN
309;CROMOSSOMO PHILADELPHIA;CPH
310;CROMOSSOMO X-FRAGIL – ESTUDO MOLECULAR;XFM
311;CRYPTOSPORIDIUM - PESQUISA;CRP
312;CTX – C-TELOPEPTÍDEO;CTX
313;CULTURA;CUJ
314;CULTURA;CUG
315;CULTURA;CS1
316;CULTURA;CS2
317;CULTURA;CS3
318;CULTURA;CS4
319;CULTURA;CSP
320;CULTURA;CUV
321;CULTURA;CUT
322;CULTURA - FEZES;COP
323;CULTURA + CC - URINA;URA
324;CULTURA + CC - URINA;URC
325;CULTURA DE FUNGOS;CFU
326;CULTURA DE FUNGOS;CFM
327;CULTURA DE SALIVA (DENTAL CULT);DCS
328;CULTURA PARA BAAR;CBK
329;CULTURA PARA BAAR;CBE
330;CULTURA PARA BAAR;CBU
331;CULTURA PARA BAAR - MNTCR;MNT
332;CULTURA PARA STREPTOCOCCUS DO GRUPO B;STB
333;CURVA GLICÊMICA - 4 DOSAGENS;CGD
334;CURVA GLICÊMICA - GESTANTES;CGG
335;CURVA GLICÊMICA CLÁSSICA;CGO
336;CURVA GLICÊMICA PROLONGADA;CGP
337;CURVA GLICÊMICA SIMPLIFICADA;CGS
338;DEHIDROEPIANDROSTERONA;DHE
339;DENGUE - IgG;DEG
340;DENGUE - IgM;DEM
341;DEPURAÇÃO DE AMILASE;CDA
342;DESIDROGENASE LÁTICA - LDH;LDH
343;DIAZEPAN;DIA
344;DIGOXINA;DIG
345;DIHIDROTESTOSTERONA;DHT
346;DÍMERO D;DIM
347;DISMORFISMO ERITROCITÁRIO;DIE
348;DNA - HEPATITE B - CARGA VIRAL;DNB
349;DNA - HEPATITE B - QUALITATIVO;PCB
350;DNA - PATERNIDADE;PAT
351;DOENÇA DE HUNTINGTON – ESTUDO GENÉTICO;HUN
352;DROGAS DE ABUSO - PESQUISA (CABELO E PELOS);PDA
353;DROGAS DE ABUSO – TRIAGEM;TDA
354;ECHOVIRUS - Sorologia;ECH
355;ELETROFORESE  DE  PROTEÍNAS;EPR
356;ELETROFORESE  DE  PROTEÍNAS NA URINA;EPU
357;ELETROFORESE  DE  PROTEÍNAS NO LÍQUOR;EPL
358;ELETROFORESE DE HEMOGLOBINAS;EHG
359;ELETROFORESE DE LIPOPROTEÍNAS;ELP
360;ENTAMOEBA HISTOLYTICA - IGG;GEH
361;ENTAMOEBA HISTOLYTICA - IGM;MEH
362;ENZIMA CONVERSORA DE ANGIOTENSINA - ECA;ECA
363;EPSTEIN BARR - IGG;EBG
364;EPSTEIN BARR - IGM;EBM
365;EPSTEIN BARR - PCR;EBP
366;ERITROGRAMA;ERI
367;ERITROPOIETINA;ERT
368;ERROS INATOS DO METABOLISMO (TRIAGEM);EIM
369;ESPERMATOZÓIDES PÓS VASECTOMIA;PEV
370;ESPERMOGRAMA;ESP
371;ESTRADIOL;DOL
372;ESTRIOL - SANGUE;ESU
373;ESTRIOL LIVRE - SANGUE;ESL
374;ESTRONA;ENA
375;ESTUDO GENÉTICO DAS TROMBOFILIAS;EGT
376;ESTUDO GENÉTICO FETAL;EGF
377;ETANOL (ALCOOL ETÍLICO);AET
378;ETANOL (ALCOOL ETÍLICO) - Urina;AEU
379;EXAME PARASITOLÓGICO DAS FEZES;PAR
380;EXAME PARASITOLÓGICO DAS FEZES;PA2
381;EXAME PARASITOLÓGICO DAS FEZES;PA3
382;FALCIZAÇÃO;FAZ
383;FATOR REUMATÓIDE;FAT
384;FATOR REUMANÓIDE;LAT
385;FATOR ANTI-NÚCLEO ( FAN );FAN
386;FATOR DE NECROSE TUMORAL;TNF
387;FATOR II FUNCIONAL;FA2
388;FATOR IX DA COAGULAÇÃO;FA9
389;FATOR V DA COAGULAÇÃO;FA5
390;FATOR V DE LEIDEN;FT5
391;FATOR VII FUNCIONAL;FA7
392;FATOR VIII – ANTÍGENO (VON WILLEBRAND);FVW
393;FATOR VIII - INIBIDOR;F8I
394;FATOR VIII DA COAGULAÇÃO;FA8
395;FATOR X DA COAGULAÇÃO;F10
396;FATOR XI DA COAGULAÇÃO;F11
397;FATOR XII FUNCIONAL;F12
398;FATOR XIII FUNCIONAL;F13
399;FENILALANINA;FEN
400;FENILCETONÚRIA;NIL
401;FENITOÍNA;FNT
402;FENOBARBITAL;FBB
403;FENOL;FEL
404;FERRITINA;FET
405;FERRO SÉRICO;FER
406;FIBRINOGÊNIO;FIB
407;FILAGRINA E PROFILAGRINA - ANTICORPOS;FPF
408;FLÚOR;FLU
409;FOSFATASE ÁCIDA PROSTÁTICA;FAP
410;FOSFATOSE ÁCIDA PROSTÁTICA;FAU
411;FOSFATASE ÁCIDA TOTAL;FAC
412;FOSFATASE ALCALINA;FAL
413;FOSFATASE ALCALINA - ÓSSEA;FAO
414;FOSFOLIPÍDIOS;FLI
415;FÓSFORO;FOS
416;GAMA GLUTAMIL TRANSFERASE;GGT
417;FÓSFORO  URINÁRIO;FOU
418;FRUTOSAMINA;FRT
419;FRUTOSE (ESPERMA);
420;FSH - HORMÔNIO FOLÍCULO ESTIMULANTE;FSH
421;FTA-ABS;FTA
422;FTA-ABS - IgM;FTM
423;G6PD - NEONATAL;G6N
424;GABAPENTINA;GAB
425;GAMA GLUTAMIL TRANSFERASE;GGT
426;GASOMETRIA;GAS
427;GASTRINA;GAS
428;GASTRINA - PÓS PRANDIAL;GAP
429;GENOTIPAGEM - HCV;GNH
430;GLICEMIA APÓS SOBRECARGA DE GLICOSE;GSG
431;GLICOSE;GLI
432;GLICOSE ANTES DO ALMOÇO;GAJ
433;GLICOSE ANTES DO JANTAR;GAJ
434;GLICOSE NA URINA;GLU
435;GLICOSE NO LÍQUIDO ASCÍTICO;GLA
436;GLICOSE NO LÍQUIDO PLEURAL;GLP
437;GLICOSE NO LÍQUIDO SINOVIAL;GLS
438;GLICOSE PÓS SOBRECARGA;GLD
439;GLICOSE PÓS-PRANDIAL;GPP
440;GLICOSE-6-FOSFATO DESIDROGENASE;G6P
441;GLICOSÚRIA - QUANTITATIVO;SUR
442;GLOBULINA TRANSPORT. DOS HORM. SEXUAIS - SHBG;SHB
443;GLUCAGON;GLC
444;GLUTAMATO DESIDROGENASE;DGL
445;GLUTATION PEROXIDASE;GPX
446;GORDURA FECAL - PESQUISA;PGO
447;HAPTOGLOBINA;HAP
448;HBE - Ag;HBE
449;HBS - Ag;AAU
450;HCV - IMUNOBLOTING;ICV
451;HELICOBACTER PYLORI - IgG;HLP
452;HELICOBACTER PYLORI - PESQUISA;CES
453;HEMOCULTURA;HEC
454;HEMOCULTURA;HE2
455;HEMOCULTURA;HE3
456;HEMOCULTURA;HE4
457;HEMOCULTURA;HET
458;HEMATÓCRITO;HTO
459;HEMOGLOBINA;HGB
460;HEMOGLOBINA - INSTABILIDADE A 37 ºC;H37
461;HEMOGLOBINA A2;HA2
462;HEMOGLOBINA FETAL;DHF
463;HEMOGLOBINA GLICADA - A1c;HBG
464;HEMOGLOBINOPATIAS - SCREENING NEONATAL;HBP
465;HEMOGLOBINOPATIAS - TRIAGEM;HBT
466;HEMOGRAMA;HEM
467;HEMOSSEDIMENTAÇÃO;VH1
468;HEMOSSEDIMENTAÇÃO;VH2
469;HEPATITE B – RESISTENCIA AOS ANTI-VIRAIS;GNB
470;HERPES I e II - IGG;HES
471;HERPES I e II – IGG ( Líquor);HGL
472;HERPES I E II - IGM;HEG
473;HERPES I e II – IGM ( Líquor);HML
474;HGH - HORMÔNIO DO CRESCIMENTO;HGH
475;HIDROXIPROLINA;HDR
476;HISTOPLASMOSE;HIS
477;HIV - GENOTIPAGEM;HIG
478;HLA-B27 (PCR);B2P
479;HIV 1 - PCR (CARGA VIRAL);HI1
480;HOMOCISTEÍNA;HOM
481;HORMONIO ANTI-MULLERIANO;AML
482;HORMONIO CORIONICO SOMATOTROFICO;HCS
483;HPV - CAPTURA HÍBRIDA;HPV
484;HTLV 1 E 2 - WESTERN-BLOT;WBH
485;IDENTIFICAÇÃO DE PARASITOS;IDH
486;IGA - IMUNOGLOBULINA A (Saliva);IAS
487;IGE-RAST ;
488;IGF BP3 - PROTEÍNA LIG. DOS FATORES DE CRESCIMENTO;IGF
489;IGF II - PROTEÍNA LIG. DOS FATORES DE CRESCIMENTO;IF2
490;"IgG - IMUNOGLOBULINA ""G"" (LIQUOR)";IGL
491;"IgM - IMUNOGLOBULINA ""M"" (LIQUOR)";IML
492;IMUNOCITOQUÍMICA  PARA  NEOPLASIAS;NEP
493;IMUNOCOMPLEXOS CIRCULANTES 9C1q-IgG;IMC
494;IMUNOELETROFORESE;IMU
495;IMUNOFENOTIPAGEM – PAINEL PROLIFERATIVO;IFP
496;IMUNOFIXAÇÃO (URINA);IFU
497;"IMUNOGLOBULINA ""A"" - IgA";IGA
498;"IMUNOGLOBULINA ""G"" - IgG";IGG
499;"IMUNOGLOBULINA ""M"" - IgM";IGM
500;IMUNOGLOBULINA D - IGD;IGD
501;IMUNOGLOBULINA E - IGE;IGE
502;IMUNOGLOBULINA G  - SUBCLASSES;IG4
503;IMUNOGLOBULINA G - 2;IG2
504;IMUNOGLOBULINA G - 4;I4G
505;IMUNOHISTOQUÍMICA - RECEPTOR DE ESTRÓGENOS;IHE
506;IMUNOHISTOQUÍMICA - RECEPTOR DE PROGESTERONA;IHP
507;IMUNOHISTOQUÍMICA – TUMORES INDIFERENCIADOS;IHT
508;INCLUSÃO CITOMEGÁLICA - PESQUISA;ICM
509;INIBINA B;INB
510;INSTABILIDADE DE MICROSSATELITES - PCR;MSI
511;INSULINA;INS
512;INSULINA PÓS-ESTÍMULO;DI2
513;INTERLEUCINA-10;IL10
514;INTERLEUCINA-6;IL6
515;IODO (URINA);IOD
516;IODO PROTÊICO  - PBI;PBI
517;ISAC - IGE ESPECÍFICO ;ISAC
518;ISOAGLUTININAS;ISSO
519;ISOENZIMAS DE AMILASE;IDM
520;ITL - ÍNDICE DE TIROXINA LIVRE;TLI
521;LAMOTRIGINA;LAM
522;LARVAS - PESQUISA;LAP
523;LDL PEROXIDADA;LPX
524;LEGIONELLA - SOROLOGIA;LEG
525;LEISHMANIA - PESQUISA;LEI
526;LEISHMANIA - SOROLOGIA;LSR
527;LEPTINA;LTN
528;LEPTOSPIROSE - SOROLOGIA;LEP
529;LEPTOSPIROSE - URINA;LES
530;LEUCÓCITOS  FECAIS - PESQUISA;PEU
531;LEUCOGRAMA;LEU
532;LH - HORMÔNIO LUTEINIZANTE;LHS
533;LINFOCITOS CD3;CD3
534;LINFÓCITOS CD4;CD4
535;LINFÓCITOS CD8;CD8
536;LINFÓCITOS T e B;LTB
537;LIPASE;LSE
538;LIPÍDIOS TOTAIS;LPT
539;LIPIDOGRAMA;LIP
540;LIPIDOGRAMA;LIC
541;"LIPOPROTEÍNA ""A""";LIA
542;LÍQUIDO AMNIÓTICO - ROTINA;RLA
543;LÍQUIDO ASCÍTICO - ROTINA;CDL
544;LÍQUIDO SINOVIAL - ROTINA;ROS
545;LÍQUIDO PLEURAL - ROTINA;CDP
546;LISTERIOSE;LIS
547;LISTERIOSE IgG - Liquor;LIL
548;LÍTIO;LIT
549;LYME - ANTI-BORRELIA BURGDOFERI - IgG ;LYM
550;MAGNÉSIO;MAG
551;MAGNÉSIO  URINÁRIO;MAU
552;MALONDIALDEÍDO – PLASMA;MDA
553;MALÁRIA - SOROLOGIA;MAS
554;MALONDIALDEÍDO – URINA;MDD
555;MANGANÊS;MAN
556;MANGANÊS (SANGUE);MNS
557;MERCÚRIO - SANGUE;MÊS
558;MERCÚRIO - URINA;MER
559;META-HEMOGLOBINA;MET
560;METANEFRINAS URINÁRIAS;FRI
561;METANOL - SANGUE;MEL
562;METANOL - URINA;MEU
563;METIL ETIL CETONA;MEC
564;MICOLÓGICO DIRETO;FLF
565;MICOLÓGICO DIRETO;MID
566;MICOLÓGICO DIRETO;ACA
567;MICOPLASMA - CULTURA;MPU
568;MICOPLASMA - PESQUISA;MIC
569;MICROALBUMINÚRIA;MAB
570;MICRODELEÇÕES DO CROMOSSOMO Y;DCY
571;MIELOGRAMA;MIE
572;MIOGLOBINA URINÁRIA;MIL
573;MOLIBDÊNIO (SANGUE);MOL
574;MONONUCLEOSE;MOC
575;MONONUCLEOSE;MON
576;MONTENEGRO;MOT
577;MUCOPOLISSACARÍDEOS - DOSAGEM;MPD
578;MUCOPROTEÍNAS;MUC
579;MUT. GENÉTICA P/ HEMOCROMATOSE HEREDITÁRIA;MGH
580;MUTAÇÃO A1298C DO GENE DA MTHFR ;MTA
581;MUTAÇÃO DO GENE DA PROTROMBINA;MGP
582;MUTAÇÃO DO GENE METILENOTETRAHIDROFOLATO REDUTASE;Mth
583;MUTAÇÃO F508 - PESQUISA;MF5
584;MUTACAO NO GENE JAK2  - V617F;JAK
585;MYCOBACTERIUM TUBERCULOSIS - PCR;BKR
586;NEISSERIA GONORRHOEAE - PCR;NGX
587;NÍQUEL - URINA;NIU
588;N-METILFORMAMIDA;NMF
589;ORGANOCLORADOS;ORG
590;ORGANOFOSFORADOS;ORF
591;OSMOLALIDADE;OSM
592;OSMOLALIDADE - SANGUE;OSP
593;OSTEOCALCINA;OTC
594;OXCARBAZEPINA;OXC
595;P-AMINO-FENOL;PAL
596;PARVOVÍRUS - IgG;PAG
597;PARVOVÍRUS - IgM;PAM
598;PEPTÍDEO C;PEP
599;PEPTÍDEO INTESTINAL VASOATIVO - VIP;VIP
600;PERFIL REUMATOLÓGICO;PRU
601;PESQUISA DE ESPERMATOZÓIDES PÓS VASECTOMIA;PEV
602;PESQUISA FILÁRIA;FIL
603;PH FECAL;PHF
604;PIRIDINOLINA;PIR
605;PIRIDINOLINA D;PID
606;PLAQUETAS;PLA
607;PLASMINOGÊNIO;PMG
608;PLASMODIUM;PHE
609;P-NITROFENOL;PNF
610;POLIMORFISMO 4G/5G NO GENE PAI-1;PAI
611;POLIMORFISMO DO GENE DA CBS - 844INS68;CBS
612;PORFOBILINOGÊNIO - PESQUISA;POR
613;POTÁSSIO;POT
614;POTÁSSIO URINÁRIO;POU
615;POTÁSSIO URINÁRIO - AMOSTRA ISOLADA;POI
616;PPD;PPD
617;PPD;MAL
618;PRIMIDONA;PRI
619;PRO-BNP - PRO-PEPTÍDEO NATRIURÉTICO TIPO B;PBNP
620;PROGESTERONA;PRG
621;PRÓ-INSULINA;PIN
622;PROLACTINA;HPR
623;PROLACTINA - 3 AMOSTRAS/POOL;PRP
624;PROTEÍNA C ANTIGÊNICA TOTAL;PCG
625;PROTEÍNA C FUNCIONAL;PRC
626;PROTEÍNA C REATIVA - QUANTITATIVA;PCQ
627;PROTEÍNA C REATIVA - QUANTITATIVA;PCR
628;PROTEÍNA DE BENCE JONES;PBJ
629;PROTEÍNA S FUNCIONAL;PRS
630;PROTEÍNAS TOTAIS;PTO
631;PROTEÍNAS TOTAIS - LÍQUIDO ASCÍTICO;PTA
632;PROTEÍNAS TOTAIS - LÍQUIDO SINOVIAL;PTA
633;PROTEÍNAS TOTAIS -  LÍQUIDO PLEURAL;PTP
634;PROTEÍNAS TOTAIS E FRAÇÕES;PTF
635;PROTEINÚRIA;PTU
636;PROTEINÚRIA;P24
637;PROTEINÚRIA;P12
638;PROVA DO LAÇO;PLC
639;PROVAS DE ATIVIDADE DA FEBRE REUMÁTICA;PAF
640;PROVAS DE FUNÇÃO HEPÁTICA;PFH
641;PROVAS DE FUNÇÃO TIREOIDEANA;PFT
642;PSA;PSA
643;PSA LIVRE;PSL
644;PSA TOTAL + LIVRE;PTL
645;PTH – PARATORMÔNIO;PTH
646;RENINA;RNI
647;RESISTÊNCIA À PROTEÍNA C ATIVADA;RPC
648;RESISTÊNCIA GLOBULAR;FRO
649;RETICULÓCITOS;RET
650;RUBÉOLA - IgG;RUG
651;RETRAÇÃO  DO COÁGULO;RCO
652;REVISÃO DE LÂMINA;PRL
653;REVISÃO DE LÂMINA;IRL
654;REVISÃO DE LÂMINA;DRL
655;RNA - HEPATITE C - CARGA VIRAL;RNC
656;RNA - HEPATITE C - QUALITATIVO;TIT
657;ROTAVÍRUS;ROT
658;ROTINA DE LIQUOR;LCR
659;RUBÉOLA - AVIDEZ DE IGG;AVR
660;RUBÉOLA - IgM;RUM
661;SANGUE OCULTO - PESQUISA;PSO
662;SANGUE OCULTO - PESQUISA;PS2
663;SANGUE OCULTO - PESQUISA;PS3
664;SARAMPO IGG ;SAG
665;SARAMPO IGM;SAM
666;SCHISTOSOMA - SOROLOGIA;SHI
667;SCISTOSOMA MANSONI (Líquor);EQL
668;SELÊNIO (SANGUE);SLN
669;SEROTONINA;SER
670;SEROTONINA (URINÁRIA);SEU
671;SEXAGEM FETAL;SXF
672;SÍFILIS - TPHA;TPH
673;SINDROME DE GILBERT - ESTUDO GENETICO;GIL
674;SÓDIO;SOD
675;SÓDIO URINÁRIO;SOU
676;SÓDIO URINÁRIO - AMOSTRA ISOLADA;NAI
677;SOMATOMEDINA C - IGF-1;SOM
678;SOROLUES;LUE
679;SUBSTÂNCIAS REDUTORAS - PESQUISA;PSR
680;SULFATO DE DEHIDROEPIANDROSTERONA;SDH
681;SWAB ANAL;OXI
682;T3;DT3
683;T3 RETENÇÃO;T3R
684;T3 LIVRE;T3L
685;T3 REVERSO;RT3
686;T4;DT4
687;T4 LIVRE;T4L
688;T4 NEONATAL;#T4N
689;TACROLIMUS;TAC
690;TALASSEMIAS - PESQUISA;TAL
691;TBG - GLOBULINA TRANSPORTADORA DE TIROXINA;TBG
692;TEMPO DE COAGULAÇÃO;TCO
693;TEMPO DE COAGULAÇÃO;TCC
694;TEMPO DE PROTROMBINA;TAP
695;TEMPO DE SANGRAMENTO;TSG
696;TEMPO DE SANGRAMENTO;TSI
697;TEMPO DE TROMBOPLASTINA PARCIAL ATIVADA;KPTT
698;TEOFILINA;TEO
699;TESTE DE CLEMENTS;CLM
700;TESTE DE ESTÍMULO DE  FSH  APÓS  GnRH;PF1
701;TESTE DE ESTÍMULO DE  FSH  APÓS  GnRH;PF3
702;TESTE DE ESTÍMULO DE  FSH  APÓS  GnRH;PF4
703;TESTE DE ESTÍMULO DE  FSH  APÓS  GnRH;PFR
704;TESTE DE ESTÍMULO DE  HGH  APÓS CLONIDINA;HGE
705;TESTE DE ESTÍMULO DE  HGH  APÓS EXERCÍCIO;HGE
706;TESTE DE ESTÍMULO DE  LH  APÓS GnRH;PL1
707;TESTE DE ESTÍMULO DE  LH  APÓS GnRH;PL3
708;TESTE DE ESTÍMULO DE  LH  APÓS GnRH;PL4
709;TESTE DE ESTÍMULO DE  LH  APÓS GnRH;PLL
710;TESTE DE ESTíMULO DE  TSH  APÓS  TRH;TS2
711;TESTE DE ESTíMULO DE  TSH  APÓS  TRH;TS3
712;TESTE DE ESTíMULO DE  TSH  APÓS  TRH;TS4
713;TESTE DE ESTÍMULO DE HGH APÓS INSULINA;HGE
714;TESTE DE HAM;HAM
715;TESTE DE PAK;PAK
716;TESTE DE RISCO FETAL - COMBINADO;RFC
717;TESTE DE SUPRESSÃO DE  HGH  APÓS GLICOSE;GH2
718;TESTE DE SUPRESSÃO DE  HGH  APÓS GLICOSE;GH3
719;TESTE DE SUPRESSÃO DE  HGH  APÓS GLICOSE;GH4
720;TESTE DE SUPRESSÃO DE  HGH  APÓS GLICOSE;GH5
721;TESTE DE TOLERÂNCIA À LACTOSE;TTL
722;TESTE DO PEZINHO;TPZ
723;TESTE DO PEZINHO;TPP
724;TESTE DO PEZINHO;TPS
725;TESTE DO PEZINHO;TPC
726;TESTE DO PEZINHO;TPB
727;TESTE TRIPLO;TTR
728;TESTOSTERONA;TOS
729;TESTOSTERONA LIVRE;TTT
730;TIPAGEM SANGUÍNEA;ABR
731;TIPAGEM SANGUÍNEA;ABH
732;TIPAGEM SANGUÍNEA;FRH
733;TIPAGEM SANGUÍNEA;GSA
734;TIREOGLOBULINA;GLO
735;TOPIRAMATO;TOP
736;TOXOCARA CANIS - IGG;TXC
737;TOXOCARA CANIS - IGM;TCM
738;TOXOPLASMA GONDII - IGA ;TGA
739;TOXOPLASMA GONDII – PCR (Líquido amniótico);TXR
740;TOXOPLASMOSE - AVIDEZ DA IGG;TAV
741;TOXOPLASMOSE - IgG  ;TOG
742;TOXOPLASMOSE - IgM ;TOM
743;TRAB - ANTI-RECEPTORES DE TSH;ART
744;TRANSAMINASE GLUTÂMICO OXALACÉTICA - TGO /  AST;TGO
745;TRANSAMINASE GLUTÂMICO PIRÚVICA - TGP / ALT;TGP
746;TRANSFERRINA;TRF
747;"TRANSLOCAÇÃO 15;17 – PML-RARA (FISH)";PML
748;TREPONEMA - CAMPO ESCURO;TGF
749;TRICLOROCOMPOSTOS;TRC
750;TRIGLICERÍDIOS;TRI
751;TRIPANOSOMA - PESQUISA;TIP
752;TRIPSINA IMUNO-REATIVA NEONATAL- IRT;IRT
753;TROFOZOÍTAS E CISTOS - PESQUISA;HMT
754;TROPONINA I;TPI
755;TSH;TSH
756;UREAPLASMA - PESQUISA;UPL
757;UREAPLASMA-CULTURA;MPR
758;URÉIA;URE
759;URÉIA  URINÁRIA;URU
760;URINA 1;URI
761;UROBILINOGENIO;URB
762;UROCITOGRAMA;UCT
763;URUPORFIRINA - PESQUISA;URP
764;V.D.R.L.;VDR
765;V.D.R.L. - Líquor;VDR
766;VANÁDIO (SANGUE);VAN
767;VARICELA ZOSTER - IgG;VZG
768;VARICELA ZOSTER - IgM;VZM
769;VIGABATRINA;VBT
770;VITAMINA  B12;B12
771;VITAMINA  B2;VB2
772;VITAMINA A - RETINOL;VTA
773;VITAMINA B1;VB1
774;VITAMINA B6;VB6
775;VITAMINA C ( ÁCIDO ASCÓRBICO );AAS
776;VITAMINA D ( 25 - HIDROXI);HVD
777;VITAMINA D (1,25 - DIHIDRO);VID
778;VITAMINA E - TOCOFEROL;VIE
779;VITAMINA K;VITK
780;WAALER ROSE;WRO
781;WESTERN BLOT - HIV;WBL
782;WIDAL;WID
783;ZIKA VIRUS - ANTICORPOS IGG;ZIKAG
784;ZIKA VIRUS - ANTICORPOS IGM;ZIKAM
785;ZIKA VIRUS - TESTE MOLECULAR;ZIKMOL
786;ZINCO;ZIS
787;ZINCO - URINÁRIO;ZIU
788;ZINCO (ESPERMA);ZIE
789;ZINCO PROTOPORFIRINA;ZPT
790;TESTE DE ESTÍMULO COM ACTH;
791;TESTE DE ESTÍMULO DE  CORTISOL  APÓS ACTH;
